{"chunk_definitions":[{"row":25,"row_count":1,"visible":true,"expansion_state":0,"options":{"engine":"r","echo":false,"message":false,"warning":false,"label":"unnamed-chunk-1","dev":"png"},"document_id":"52EC24CA","chunk_id":"c7pko9i73yz0x","chunk_label":"unnamed-chunk-1"},{"row":39,"row_count":1,"visible":true,"expansion_state":0,"options":{"engine":"r","echo":false,"message":false,"warning":false,"label":"unnamed-chunk-2","dev":"png"},"document_id":"52EC24CA","chunk_id":"cake3gs1x900t","chunk_label":"unnamed-chunk-3"},{"row":52,"row_count":1,"visible":true,"expansion_state":0,"options":{"engine":"r","echo":false,"message":false,"warning":false,"label":"unnamed-chunk-3","dev":"png"},"document_id":"52EC24CA","chunk_id":"c415r47wq2tgh","chunk_label":"unnamed-chunk-4"}],"doc_write_time":1741462259}