{"chunk_definitions":[{"row":25,"row_count":1,"visible":true,"expansion_state":0,"options":{"engine":"r","echo":false,"message":false,"warning":false,"label":"unnamed-chunk-1","dev":"png"},"document_id":"52EC24CA","chunk_id":"c47jx0xq8jru4","chunk_label":"unnamed-chunk-1"},{"row":103,"row_count":1,"visible":true,"expansion_state":0,"options":{"engine":"r","echo":false,"message":false,"warning":false,"label":"unnamed-chunk-8","dev":"png"},"document_id":"52EC24CA","chunk_id":"cc8s952jrgj1l","chunk_label":"unnamed-chunk-8"}],"doc_write_time":1741561794,"chunk_rendered_width":400}