{"chunk_definitions":[{"row":24,"row_count":1,"visible":true,"expansion_state":0,"options":{"engine":"r","message":false,"warning":false,"label":"unnamed-chunk-1","dev":"png"},"document_id":"52EC24CA","chunk_id":"clf1vime2dgbs","chunk_label":"unnamed-chunk-1"},{"row":118,"row_count":1,"visible":true,"expansion_state":0,"options":{"engine":"r","message":false,"warning":false,"label":"unnamed-chunk-4","dev":"png"},"document_id":"52EC24CA","chunk_id":"ci4lqkk2evumi","chunk_label":"unnamed-chunk-9"}],"doc_write_time":1741033157}