[{"name":"htmlwidgets","version":"1.6.4","src":{"file":"www"},"meta":null,"script":"htmlwidgets.js","stylesheet":null,"head":null,"attachment":null,"package":"htmlwidgets","all_files":true},{"name":"jquery","version":"1.11.1","src":{"file":"htmlwidgets\/lib\/jquery"},"meta":null,"script":"jquery.min.js","stylesheet":null,"head":null,"attachment":null,"package":"dygraphs","all_files":true},{"name":"dygraphs","version":"1.1.1","src":{"file":"htmlwidgets\/lib\/dygraphs"},"meta":null,"script":["dygraph-combined.js","shapes.js"],"stylesheet":"dygraph.css","head":null,"attachment":null,"package":"dygraphs","all_files":true},{"name":"moment","version":"2.8.4","src":{"file":"htmlwidgets\/lib\/timezone"},"meta":null,"script":"moment.js","stylesheet":null,"head":null,"attachment":null,"package":"dygraphs","all_files":true},{"name":"moment-timezone","version":"0.2.5","src":{"file":"htmlwidgets\/lib\/timezone"},"meta":null,"script":"moment-timezone-with-data.js","stylesheet":null,"head":null,"attachment":null,"package":"dygraphs","all_files":true},{"name":"moment-fquarter","version":"1.0.0","src":{"file":"htmlwidgets\/lib\/fquarter"},"meta":null,"script":"moment-fquarter.min.js","stylesheet":null,"head":null,"attachment":null,"package":"dygraphs","all_files":true},{"name":"dygraphs-binding","version":"1.1.1.6","src":{"file":"htmlwidgets"},"meta":null,"script":"dygraphs.js","stylesheet":null,"head":null,"attachment":null,"package":"dygraphs","all_files":false},{"name":"Dygraph.Plugins.Unzoom","version":"1.0","src":{"file":"\/Library\/Frameworks\/R.framework\/Versions\/4.3-x86_64\/Resources\/library\/dygraphs\/plugins"},"meta":null,"script":"unzoom.js","stylesheet":null,"head":null,"attachment":null,"package":null,"all_files":false}]
